TEAM_ID,TEAM_NAME,GP,W,L,W_PCT,FGA,FG_PCT,FG3A,FG3_PCT,EFG_PCT,TS_PCT,PACE,POSS,OFF_RATING,DEF_RATING,NET_RATING,SEASON,FGA_PER_POSS
1610612737,Atlanta Hawks,82,44,38,0.537,6644,0.464,1901,0.371,0.517,0.546,93.56,7744,103.7,103.4,0.3,2012-13,0.8579545454545454
1610612738,Boston Celtics,81,41,40,0.506,6459,0.465,1390,0.358,0.503,0.542,92.46,7652,102.2,102.6,-0.5,2012-13,0.844093047569263
1610612751,Brooklyn Nets,82,49,33,0.598,6544,0.45,1760,0.357,0.498,0.536,89.88,7433,106.9,104.8,2.0,2012-13,0.8803982241356114
1610612766,Charlotte Bobcats,82,21,61,0.256,6649,0.425,1399,0.335,0.46,0.507,92.49,7632,100.4,110.3,-9.9,2012-13,0.8712002096436059
1610612741,Chicago Bulls,82,45,37,0.549,6698,0.437,1265,0.353,0.47,0.512,90.35,7460,102.4,101.9,0.5,2012-13,0.8978552278820375
1610612739,Cleveland Cavaliers,82,24,58,0.293,6901,0.434,1581,0.346,0.473,0.514,93.25,7666,103.2,108.2,-5.0,2012-13,0.9002087138012002
1610612742,Dallas Mavericks,82,41,41,0.5,6892,0.462,1628,0.372,0.506,0.544,95.09,7917,104.7,105.4,-0.6,2012-13,0.8705317670834912
1610612743,Denver Nuggets,82,57,25,0.695,6983,0.478,1518,0.343,0.515,0.549,95.92,7960,109.3,104.2,5.1,2012-13,0.8772613065326633
1610612765,Detroit Pistons,82,29,53,0.354,6638,0.449,1440,0.356,0.487,0.521,91.68,7571,102.7,107.2,-4.5,2012-13,0.8767666094307225
1610612744,Golden State Warriors,82,47,35,0.573,6840,0.458,1632,0.403,0.506,0.545,95.64,7893,105.1,104.2,0.9,2012-13,0.8665906499429875
1610612745,Houston Rockets,82,45,37,0.549,6782,0.461,2369,0.366,0.525,0.564,96.89,7988,108.8,105.3,3.5,2012-13,0.8490235353029544
1610612754,Indiana Pacers,81,49,32,0.605,6525,0.436,1599,0.347,0.479,0.521,90.9,7420,103.4,99.0,4.4,2012-13,0.8793800539083558
1610612746,Los Angeles Clippers,82,56,26,0.683,6608,0.478,1752,0.358,0.526,0.557,91.83,7552,109.8,102.8,6.9,2012-13,0.875
1610612747,Los Angeles Lakers,82,45,37,0.549,6640,0.458,2015,0.355,0.512,0.548,95.08,7830,107.0,105.9,1.1,2012-13,0.8480204342273308
1610612763,Memphis Grizzlies,82,56,26,0.683,6679,0.444,1107,0.345,0.472,0.514,89.56,7394,103.6,99.1,4.5,2012-13,0.9032999729510414
1610612748,Miami Heat,82,66,16,0.805,6348,0.496,1809,0.396,0.552,0.588,91.26,7572,111.4,103.2,8.2,2012-13,0.838351822503962
1610612749,Milwaukee Bucks,82,38,44,0.463,7197,0.435,1670,0.36,0.476,0.51,95.65,7909,102.5,104.2,-1.7,2012-13,0.9099759767353648
1610612750,Minnesota Timberwolves,82,31,51,0.378,6702,0.439,1475,0.305,0.473,0.516,93.94,7712,101.8,104.0,-2.2,2012-13,0.8690352697095436
1610612740,New Orleans Hornets,82,27,55,0.329,6589,0.448,1474,0.363,0.489,0.528,89.5,7379,104.5,108.9,-4.4,2012-13,0.8929394226860008
1610612752,New York Knicks,82,54,28,0.659,6689,0.448,2371,0.376,0.515,0.55,90.68,7462,109.8,105.4,4.5,2012-13,0.8964084695792013
1610612760,Oklahoma City Thunder,82,60,22,0.732,6504,0.481,1588,0.377,0.527,0.58,94.58,7808,111.0,101.2,9.9,2012-13,0.8329918032786885
1610612753,Orlando Magic,82,20,62,0.244,6904,0.448,1537,0.329,0.485,0.514,92.81,7646,100.9,108.4,-7.4,2012-13,0.9029557938791525
1610612755,Philadelphia 76ers,82,34,48,0.415,6895,0.444,1438,0.36,0.481,0.509,91.88,7566,101.0,104.7,-3.7,2012-13,0.9113137721385144
1610612756,Phoenix Suns,82,25,57,0.305,6917,0.443,1455,0.33,0.477,0.512,94.48,7793,100.2,106.9,-6.7,2012-13,0.8875914282047992
1610612757,Portland Trail Blazers,82,33,49,0.402,6715,0.448,1904,0.353,0.498,0.536,92.46,7649,104.5,107.9,-3.4,2012-13,0.8778925349718918
1610612758,Sacramento Kings,82,28,54,0.341,6904,0.447,1681,0.363,0.491,0.532,94.65,7804,105.3,110.0,-4.7,2012-13,0.884674525884162
1610612759,San Antonio Spurs,82,58,24,0.707,6675,0.481,1764,0.376,0.531,0.568,95.31,7892,107.0,100.3,6.7,2012-13,0.8457932083122149
1610612761,Toronto Raptors,82,34,48,0.415,6685,0.446,1665,0.343,0.488,0.532,91.26,7591,105.0,106.4,-1.4,2012-13,0.8806481359504676
1610612762,Utah Jazz,82,43,39,0.524,6710,0.454,1385,0.366,0.492,0.533,92.05,7629,105.4,105.6,-0.2,2012-13,0.8795386027002229
1610612764,Washington Wizards,82,29,53,0.354,6693,0.435,1495,0.365,0.475,0.512,93.23,7699,99.3,101.6,-2.3,2012-13,0.8693336796986622
1610612737,Atlanta Hawks,82,38,44,0.463,6688,0.458,2116,0.363,0.515,0.554,95.41,7892,104.9,105.7,-0.7,2013-14,0.8474404460212874
1610612738,Boston Celtics,82,25,57,0.305,6883,0.435,1729,0.333,0.477,0.517,94.28,7745,101.9,106.5,-4.6,2013-14,0.8887023886378309
1610612751,Brooklyn Nets,82,44,38,0.537,6391,0.459,1922,0.369,0.514,0.555,92.42,7663,105.4,106.7,-1.3,2013-14,0.83400756883727
1610612766,Charlotte Bobcats,82,43,39,0.524,6730,0.442,1471,0.351,0.481,0.522,92.93,7712,103.0,103.3,-0.4,2013-14,0.8726659751037344
1610612741,Chicago Bulls,82,48,34,0.585,6577,0.432,1459,0.348,0.471,0.518,90.84,7549,101.7,99.9,1.9,2013-14,0.8712412240031793
1610612739,Cleveland Cavaliers,82,33,49,0.402,6955,0.437,1640,0.356,0.479,0.518,93.69,7784,103.5,107.0,-3.6,2013-14,0.8934994861253854
1610612742,Dallas Mavericks,82,49,33,0.598,6858,0.474,1877,0.384,0.526,0.564,94.94,7852,109.5,107.2,2.3,2013-14,0.8734080489047377
1610612743,Denver Nuggets,82,36,46,0.439,7042,0.447,1959,0.358,0.497,0.536,98.95,8146,105.1,107.3,-2.2,2013-14,0.864473361158851
1610612765,Detroit Pistons,82,29,53,0.354,7124,0.447,1580,0.321,0.482,0.514,95.57,7874,105.2,109.0,-3.7,2013-14,0.904749809499619
1610612744,Golden State Warriors,82,51,31,0.622,7005,0.462,2037,0.38,0.517,0.55,97.37,8045,106.3,101.4,4.9,2013-14,0.8707271597265382
1610612745,Houston Rockets,82,54,28,0.659,6603,0.472,2179,0.358,0.531,0.571,97.27,8040,109.8,105.2,4.6,2013-14,0.8212686567164179
1610612754,Indiana Pacers,82,56,26,0.683,6573,0.449,1542,0.357,0.49,0.535,92.89,7656,103.6,98.9,4.7,2013-14,0.8585423197492164
1610612746,Los Angeles Clippers,82,57,25,0.695,6761,0.474,1966,0.352,0.526,0.567,96.66,7954,111.3,104.0,7.3,2013-14,0.8500125722906714
1610612747,Los Angeles Lakers,82,27,55,0.329,6980,0.45,2032,0.381,0.505,0.542,99.72,8177,103.2,109.3,-6.0,2013-14,0.8536137947902653
1610612763,Memphis Grizzlies,82,50,32,0.61,6723,0.464,1147,0.353,0.494,0.529,90.58,7476,105.5,103.8,1.7,2013-14,0.8992776886035313
1610612748,Miami Heat,82,54,28,0.659,6272,0.501,1829,0.364,0.554,0.59,91.9,7615,110.0,105.0,5.1,2013-14,0.8236375574523966
1610612749,Milwaukee Bucks,82,15,67,0.183,6737,0.438,1553,0.353,0.479,0.519,92.96,7685,101.9,110.2,-8.3,2013-14,0.8766428106701366
1610612750,Minnesota Timberwolves,82,40,42,0.488,7175,0.444,1757,0.341,0.486,0.535,98.33,8139,107.7,105.2,2.6,2013-14,0.8815579309497481
1610612740,New Orleans Pelicans,82,34,48,0.415,6761,0.459,1303,0.373,0.495,0.537,93.07,7703,106.2,109.1,-3.0,2013-14,0.8777099831234584
1610612752,New York Knicks,82,37,45,0.451,6739,0.449,2038,0.372,0.505,0.541,91.24,7556,107.0,108.1,-1.1,2013-14,0.8918740074113287
1610612760,Oklahoma City Thunder,82,59,23,0.72,6782,0.471,1839,0.361,0.52,0.566,96.33,7954,109.4,103.0,6.4,2013-14,0.852652753331657
1610612753,Orlando Magic,82,23,59,0.28,6784,0.445,1596,0.353,0.487,0.525,94.27,7837,101.0,106.6,-5.7,2013-14,0.8656373612351665
1610612755,Philadelphia 76ers,82,19,63,0.232,7150,0.435,1847,0.312,0.475,0.51,99.74,8236,99.0,109.0,-10.0,2013-14,0.8681398737251093
1610612756,Phoenix Suns,82,48,34,0.585,6845,0.463,2055,0.372,0.519,0.558,96.83,7973,108.2,105.6,2.6,2013-14,0.8585225134830051
1610612757,Portland Trail Blazers,82,54,28,0.659,7134,0.45,2071,0.372,0.504,0.548,95.9,7930,110.4,106.2,4.2,2013-14,0.8996216897856242
1610612758,Sacramento Kings,82,28,54,0.341,6766,0.447,1475,0.333,0.484,0.532,95.04,7840,105.1,107.8,-2.7,2013-14,0.8630102040816326
1610612759,San Antonio Spurs,82,62,20,0.756,6844,0.486,1757,0.397,0.537,0.571,95.87,7887,109.5,101.4,8.1,2013-14,0.8677570685938887
1610612761,Toronto Raptors,82,48,34,0.585,6718,0.445,1917,0.372,0.498,0.545,92.48,7696,107.9,104.6,3.3,2013-14,0.872920997920998
1610612762,Utah Jazz,82,25,57,0.305,6652,0.444,1577,0.344,0.484,0.523,92.32,7605,102.4,110.1,-7.6,2013-14,0.8746877054569362
1610612764,Washington Wizards,82,44,38,0.537,6920,0.459,1704,0.38,0.506,0.538,94.18,7872,104.9,103.6,1.3,2013-14,0.8790650406504065
1610612737,Atlanta Hawks,82,60,22,0.732,6699,0.466,2152,0.38,0.527,0.563,94.66,7775,108.2,102.3,5.9,2014-15,0.8616077170418006
1610612738,Boston Celtics,82,40,42,0.488,7211,0.443,2021,0.327,0.489,0.523,96.71,8007,103.8,103.5,0.3,2014-15,0.9005869863869115
1610612751,Brooklyn Nets,82,38,44,0.463,6804,0.451,1633,0.331,0.491,0.529,93.69,7777,103.4,106.3,-3.0,2014-15,0.8748874887488749
1610612766,Charlotte Hornets,82,33,49,0.402,6932,0.42,1566,0.318,0.456,0.498,93.45,7753,99.6,103.0,-3.4,2014-15,0.8941055075454662
1610612741,Chicago Bulls,82,50,32,0.61,6797,0.442,1825,0.353,0.489,0.536,93.8,7775,106.3,103.3,3.0,2014-15,0.8742122186495177
1610612739,Cleveland Cavaliers,82,53,29,0.646,6739,0.458,2253,0.367,0.52,0.557,93.23,7682,110.1,105.3,4.8,2014-15,0.8772455089820359
1610612742,Dallas Mavericks,82,50,32,0.61,7036,0.463,2082,0.352,0.515,0.55,96.4,7976,108.2,104.9,3.2,2014-15,0.8821464393179539
1610612743,Denver Nuggets,82,30,52,0.366,7158,0.433,2032,0.325,0.479,0.518,96.87,8011,103.9,107.1,-3.3,2014-15,0.8935214080639121
1610612765,Detroit Pistons,82,32,50,0.39,7038,0.432,2043,0.344,0.482,0.515,93.68,7741,104.3,105.4,-1.1,2014-15,0.9091848598372303
1610612744,Golden State Warriors,82,67,15,0.817,7137,0.478,2217,0.398,0.54,0.571,99.28,8170,110.4,100.4,9.9,2014-15,0.8735618115055079
1610612745,Houston Rockets,82,56,26,0.683,6832,0.444,2680,0.348,0.512,0.548,97.36,8037,106.0,102.6,3.4,2014-15,0.8500684334950852
1610612754,Indiana Pacers,82,38,44,0.463,6824,0.439,1740,0.352,0.484,0.523,93.67,7753,102.9,102.7,0.2,2014-15,0.8801754159680124
1610612746,Los Angeles Clippers,82,56,26,0.683,6830,0.473,2202,0.376,0.533,0.565,95.4,7844,111.6,104.7,6.9,2014-15,0.8707292197858235
1610612747,Los Angeles Lakers,82,21,61,0.256,7020,0.435,1546,0.344,0.473,0.513,95.03,7892,102.3,109.4,-7.1,2014-15,0.8895083628991384
1610612763,Memphis Grizzlies,82,55,27,0.671,6763,0.458,1246,0.339,0.489,0.531,92.82,7696,104.8,101.2,3.5,2014-15,0.8787681912681913
1610612748,Miami Heat,82,37,45,0.451,6330,0.456,1659,0.335,0.5,0.54,91.49,7526,103.2,106.1,-3.0,2014-15,0.8410842412968377
1610612749,Milwaukee Bucks,82,41,41,0.5,6722,0.459,1500,0.363,0.499,0.536,94.82,7867,102.0,101.4,0.6,2014-15,0.8544553196898437
1610612750,Minnesota Timberwolves,82,16,66,0.195,6820,0.438,1223,0.332,0.468,0.517,95.45,7873,101.8,110.9,-9.1,2014-15,0.8662517464752953
1610612740,New Orleans Pelicans,82,45,37,0.549,6795,0.457,1583,0.37,0.501,0.537,92.29,7608,107.1,106.3,0.8,2014-15,0.8931388012618297
1610612752,New York Knicks,82,17,65,0.207,6726,0.428,1614,0.347,0.47,0.508,92.06,7618,98.9,109.0,-10.1,2014-15,0.8829088999737464
1610612760,Oklahoma City Thunder,82,45,37,0.549,7119,0.447,1864,0.339,0.492,0.532,96.61,7988,106.7,104.6,2.1,2014-15,0.8912118177265899
1610612753,Orlando Magic,82,25,57,0.305,6792,0.453,1598,0.347,0.494,0.524,94.51,7773,101.0,106.8,-5.9,2014-15,0.8737939019683519
1610612755,Philadelphia 76ers,82,18,64,0.22,6777,0.408,2160,0.32,0.459,0.494,96.45,7950,94.9,103.9,-9.0,2014-15,0.8524528301886792
1610612756,Phoenix Suns,82,39,43,0.476,7038,0.452,2048,0.341,0.501,0.537,97.2,8058,104.2,105.3,-1.1,2014-15,0.8734177215189873
1610612757,Portland Trail Blazers,82,51,31,0.622,7049,0.45,2231,0.362,0.508,0.544,95.06,7868,107.1,102.8,4.3,2014-15,0.8959074733096085
1610612758,Sacramento Kings,82,29,53,0.354,6617,0.455,1350,0.341,0.49,0.542,96.16,7952,104.5,108.2,-3.7,2014-15,0.8321177062374245
1610612759,San Antonio Spurs,82,55,27,0.671,6854,0.468,1847,0.367,0.517,0.555,94.45,7860,107.6,101.4,6.3,2014-15,0.8720101781170484
1610612761,Toronto Raptors,82,49,33,0.598,6829,0.455,2060,0.352,0.508,0.553,93.46,7736,110.2,107.1,3.1,2014-15,0.8827559462254395
1610612762,Utah Jazz,82,38,44,0.463,6492,0.447,1781,0.343,0.494,0.531,91.1,7486,104.2,104.1,0.1,2014-15,0.8672188084424258
1610612764,Washington Wizards,82,46,36,0.561,6790,0.462,1381,0.36,0.499,0.534,94.29,7844,103.0,102.4,0.6,2014-15,0.8656297807241203
1610612737,Atlanta Hawks,82,48,34,0.585,6923,0.458,2326,0.35,0.516,0.552,97.63,8059,104.6,100.8,3.9,2015-16,0.8590395830748232
1610612738,Boston Celtics,82,48,34,0.585,7318,0.439,2142,0.335,0.488,0.531,99.43,8191,105.8,102.5,3.3,2015-16,0.8934196068856062
1610612751,Brooklyn Nets,82,21,61,0.256,6920,0.453,1508,0.352,0.492,0.527,96.12,7903,102.4,109.7,-7.4,2015-16,0.8756168543591042
1610612766,Charlotte Hornets,82,48,34,0.585,6922,0.439,2410,0.362,0.502,0.545,96.24,7966,106.4,103.7,2.7,2015-16,0.8689430077830781
1610612741,Chicago Bulls,82,42,40,0.512,7170,0.441,1753,0.371,0.487,0.526,96.6,8008,104.1,105.5,-1.4,2015-16,0.8953546453546454
1610612739,Cleveland Cavaliers,82,57,25,0.695,6888,0.46,2428,0.362,0.524,0.558,93.82,7764,110.2,103.9,6.3,2015-16,0.8871715610510046
1610612742,Dallas Mavericks,82,42,40,0.512,6900,0.444,2342,0.344,0.502,0.544,95.34,7950,105.5,105.9,-0.4,2015-16,0.8679245283018868
1610612743,Denver Nuggets,82,33,49,0.402,7003,0.442,1943,0.338,0.489,0.531,96.34,7963,104.9,108.2,-3.3,2015-16,0.879442421198041
1610612765,Detroit Pistons,82,44,38,0.537,7087,0.439,2148,0.345,0.491,0.522,95.75,7942,105.3,104.9,0.3,2015-16,0.8923444976076556
1610612744,Golden State Warriors,82,73,9,0.89,7159,0.487,2592,0.416,0.563,0.593,100.24,8303,113.5,102.8,10.6,2015-16,0.8622184752499097
1610612745,Houston Rockets,82,41,41,0.5,6847,0.452,2533,0.347,0.516,0.553,98.42,8139,107.3,107.3,0.0,2015-16,0.8412581398206168
1610612754,Indiana Pacers,82,45,37,0.549,6985,0.45,1889,0.351,0.497,0.536,97.35,8068,103.8,102.2,1.6,2015-16,0.865765989092712
1610612746,LA Clippers,82,53,29,0.646,6759,0.465,2190,0.364,0.524,0.556,96.81,7995,107.2,102.7,4.5,2015-16,0.8454033771106941
1610612747,Los Angeles Lakers,82,17,65,0.207,6956,0.414,2016,0.317,0.46,0.509,96.55,7930,100.7,110.3,-9.7,2015-16,0.8771752837326607
1610612763,Memphis Grizzlies,82,42,40,0.512,6859,0.44,1521,0.331,0.477,0.524,93.95,7763,104.7,107.1,-2.4,2015-16,0.8835501739018421
1610612748,Miami Heat,82,48,34,0.585,6697,0.47,1480,0.336,0.508,0.545,94.14,7779,105.5,103.7,1.7,2015-16,0.8609075716673095
1610612749,Milwaukee Bucks,82,33,49,0.402,6740,0.467,1277,0.345,0.499,0.537,95.05,7858,103.4,107.8,-4.5,2015-16,0.8577246118605243
1610612750,Minnesota Timberwolves,82,29,53,0.354,6668,0.464,1347,0.338,0.498,0.549,96.2,7965,105.4,109.0,-3.5,2015-16,0.8371625863151287
1610612740,New Orleans Pelicans,82,30,52,0.366,7040,0.448,1951,0.36,0.498,0.537,97.64,8041,104.8,108.4,-3.7,2015-16,0.8755129958960328
1610612752,New York Knicks,82,32,50,0.39,6886,0.439,1762,0.346,0.483,0.527,94.12,7763,103.9,106.7,-2.8,2015-16,0.8870282107432693
1610612760,Oklahoma City Thunder,82,55,27,0.671,7082,0.476,1945,0.349,0.524,0.565,97.54,8061,112.1,104.8,7.4,2015-16,0.8785510482570401
1610612753,Orlando Magic,82,35,47,0.427,7120,0.455,1818,0.35,0.5,0.533,96.68,8018,104.4,106.0,-1.6,2015-16,0.8880019955101023
1610612755,Philadelphia 76ers,82,10,72,0.122,6887,0.431,2255,0.339,0.487,0.519,98.44,8119,98.4,108.6,-10.2,2015-16,0.8482571745288828
1610612756,Phoenix Suns,82,23,59,0.28,7018,0.435,2118,0.348,0.487,0.526,99.39,8152,101.5,107.9,-6.5,2015-16,0.8608930323846908
1610612757,Portland Trail Blazers,82,44,38,0.537,7040,0.45,2336,0.37,0.511,0.548,97.06,8012,107.6,106.8,0.8,2015-16,0.8786819770344483
1610612758,Sacramento Kings,82,33,49,0.402,7083,0.464,1839,0.359,0.51,0.546,100.66,8302,105.3,107.6,-2.3,2015-16,0.8531679113466635
1610612759,San Antonio Spurs,82,67,15,0.817,6797,0.484,1518,0.375,0.526,0.564,94.54,7767,109.3,98.2,11.1,2015-16,0.8751126561091799
1610612761,Toronto Raptors,82,56,26,0.683,6669,0.451,1915,0.37,0.504,0.552,93.35,7707,109.3,104.8,4.4,2015-16,0.865317244063838
1610612762,Utah Jazz,82,40,42,0.488,6593,0.449,1956,0.355,0.501,0.54,91.66,7625,105.0,103.2,1.8,2015-16,0.864655737704918
1610612764,Washington Wizards,82,41,41,0.5,7033,0.46,1983,0.358,0.511,0.544,99.16,8163,104.5,105.1,-0.5,2015-16,0.8615705010412839
1610612737,Atlanta Hawks,82,43,39,0.524,6918,0.451,2137,0.341,0.504,0.541,97.76,8091,104.5,105.2,-0.7,2016-17,0.8550241008527995
1610612738,Boston Celtics,82,53,29,0.646,6977,0.454,2741,0.359,0.525,0.567,97.21,8005,110.6,108.0,2.6,2016-17,0.87158026233604
1610612751,Brooklyn Nets,82,20,62,0.244,6987,0.444,2591,0.338,0.507,0.551,101.75,8371,103.6,110.1,-6.5,2016-17,0.8346673037868833
1610612766,Charlotte Hornets,82,36,46,0.439,7000,0.442,2347,0.351,0.501,0.547,95.92,7934,108.4,108.4,0.0,2016-17,0.8822788001008318
1610612741,Chicago Bulls,82,41,41,0.5,7141,0.444,1831,0.34,0.487,0.53,96.02,7919,106.5,106.2,0.3,2016-17,0.9017552721303195
1610612739,Cleveland Cavaliers,82,51,31,0.622,6963,0.47,2779,0.384,0.547,0.58,96.74,8019,112.8,109.7,3.1,2016-17,0.8683127572016461
1610612742,Dallas Mavericks,82,33,49,0.402,6750,0.44,2473,0.355,0.505,0.541,93.11,7668,104.7,107.7,-3.0,2016-17,0.8802816901408451
1610612743,Denver Nuggets,82,40,42,0.488,7194,0.469,2365,0.368,0.53,0.568,99.18,8167,112.2,111.7,0.4,2016-17,0.8808620056324231
1610612765,Detroit Pistons,82,37,45,0.451,7282,0.449,1915,0.33,0.492,0.521,95.52,7890,105.3,106.7,-1.4,2016-17,0.9229404309252218
1610612744,Golden State Warriors,82,67,15,0.817,7140,0.495,2562,0.383,0.563,0.597,100.37,8279,114.8,103.4,11.4,2016-17,0.8624229979466119
1610612745,Houston Rockets,82,55,27,0.671,7152,0.462,3306,0.357,0.545,0.583,100.55,8289,114.1,108.4,5.7,2016-17,0.8628302569670648
1610612754,Indiana Pacers,82,42,40,0.512,6931,0.465,1885,0.376,0.516,0.558,96.59,7989,107.9,108.1,-0.2,2016-17,0.8675679058705721
1610612746,LA Clippers,82,51,31,0.622,6820,0.475,2245,0.375,0.537,0.574,96.77,7968,111.8,107.5,4.4,2016-17,0.8559236947791165
1610612747,Los Angeles Lakers,82,26,56,0.317,7164,0.45,2110,0.346,0.501,0.537,99.26,8143,105.3,112.0,-6.7,2016-17,0.8797740390519465
1610612763,Memphis Grizzlies,82,43,39,0.524,6854,0.435,2169,0.354,0.491,0.535,92.84,7702,107.0,106.5,0.5,2016-17,0.88989872760322
1610612748,Miami Heat,82,41,41,0.5,7037,0.455,2213,0.365,0.512,0.541,95.51,7875,107.4,106.4,1.0,2016-17,0.8935873015873016
1610612749,Milwaukee Bucks,82,42,40,0.512,6715,0.474,1946,0.37,0.527,0.565,94.99,7828,108.5,108.7,-0.2,2016-17,0.8578180889115994
1610612750,Minnesota Timberwolves,82,31,51,0.378,6922,0.467,1723,0.349,0.511,0.555,95.48,7870,110.0,110.9,-0.9,2016-17,0.8795425667090216
1610612740,New Orleans Pelicans,82,34,48,0.415,7130,0.45,2196,0.35,0.504,0.539,98.56,8173,104.7,106.8,-2.1,2016-17,0.8723846812675884
1610612752,New York Knicks,82,31,51,0.378,7256,0.447,2022,0.348,0.496,0.534,96.63,7990,107.1,110.7,-3.6,2016-17,0.9081351689612015
1610612760,Oklahoma City Thunder,82,47,35,0.573,7169,0.452,2116,0.327,0.5,0.54,98.18,8099,107.9,107.1,0.8,2016-17,0.8851710087665143
1610612753,Orlando Magic,82,29,53,0.354,7133,0.44,2139,0.328,0.489,0.524,96.9,7989,103.7,110.3,-6.5,2016-17,0.8928526724245838
1610612755,Philadelphia 76ers,82,28,54,0.341,6992,0.442,2443,0.34,0.501,0.539,99.07,8179,102.7,108.2,-5.5,2016-17,0.8548722337694095
1610612756,Phoenix Suns,82,24,58,0.293,7260,0.45,1854,0.332,0.493,0.538,100.85,8320,106.1,111.3,-5.2,2016-17,0.8725961538461539
1610612757,Portland Trail Blazers,82,41,41,0.5,7059,0.459,2272,0.375,0.52,0.559,97.38,8088,109.4,110.0,-0.6,2016-17,0.8727744807121661
1610612758,Sacramento Kings,82,32,50,0.39,6734,0.461,1960,0.376,0.516,0.556,95.42,7911,106.6,110.8,-4.2,2016-17,0.851219820503097
1610612759,San Antonio Spurs,82,61,21,0.744,6864,0.469,1927,0.391,0.524,0.564,94.86,7832,110.3,102.9,7.4,2016-17,0.8764044943820225
1610612761,Toronto Raptors,82,51,31,0.622,6918,0.464,1996,0.363,0.517,0.561,95.41,7867,111.4,107.1,4.3,2016-17,0.8793695182407525
1610612762,Utah Jazz,82,51,31,0.622,6515,0.466,2128,0.372,0.526,0.563,92.09,7579,109.0,104.7,4.3,2016-17,0.8596120860271804
1610612764,Washington Wizards,82,49,33,0.598,7137,0.475,2030,0.372,0.528,0.564,97.94,8109,110.4,108.8,1.7,2016-17,0.8801331853496115
1610612737,Atlanta Hawks,82,24,58,0.293,7015,0.446,2544,0.36,0.512,0.547,98.76,8114,104.4,110.1,-5.7,2017-18,0.8645550899679566
1610612738,Boston Celtics,82,55,27,0.671,6975,0.45,2492,0.377,0.518,0.552,96.75,7987,106.8,103.2,3.6,2017-18,0.8732941029172405
1610612751,Brooklyn Nets,82,28,54,0.341,7114,0.441,2924,0.356,0.514,0.551,99.66,8238,106.1,109.7,-3.6,2017-18,0.8635591162903618
1610612766,Charlotte Hornets,82,36,46,0.439,7106,0.45,2233,0.369,0.508,0.549,98.66,8143,109.0,109.0,-0.1,2017-18,0.872651356993737
1610612741,Chicago Bulls,82,27,55,0.329,7285,0.435,2549,0.355,0.497,0.529,98.65,8160,103.4,110.5,-7.0,2017-18,0.8927696078431373
1610612739,Cleveland Cavaliers,82,50,32,0.61,6950,0.476,2636,0.372,0.547,0.584,98.72,8114,112.0,111.1,1.0,2017-18,0.8565442445156519
1610612742,Dallas Mavericks,82,24,58,0.293,7042,0.444,2688,0.36,0.513,0.544,96.53,7959,105.4,108.4,-2.9,2017-18,0.8847845206684257
1610612743,Denver Nuggets,82,46,36,0.561,7102,0.47,2536,0.371,0.536,0.57,97.69,8095,111.4,110.0,1.4,2017-18,0.8773316862260655
1610612765,Detroit Pistons,82,39,43,0.476,7129,0.45,2373,0.373,0.512,0.543,96.75,7981,106.6,106.7,-0.1,2017-18,0.8932464603433153
1610612744,Golden State Warriors,82,58,24,0.707,6979,0.503,2369,0.391,0.569,0.603,100.35,8251,112.8,106.8,5.9,2017-18,0.8458368682583929
1610612745,Houston Rockets,82,65,17,0.793,6906,0.46,3470,0.362,0.551,0.59,98.02,8078,114.1,105.7,8.4,2017-18,0.8549145828175291
1610612754,Indiana Pacers,82,48,34,0.585,7083,0.472,2010,0.369,0.525,0.557,96.84,7977,108.5,107.3,1.3,2017-18,0.8879277924031591
1610612746,LA Clippers,82,42,40,0.512,7004,0.471,2196,0.354,0.527,0.564,99.54,8167,109.4,109.2,0.2,2017-18,0.8575976490755479
1610612747,Los Angeles Lakers,82,35,47,0.427,7248,0.461,2384,0.345,0.517,0.548,100.9,8361,106.0,107.3,-1.3,2017-18,0.8668819519196268
1610612763,Memphis Grizzlies,82,22,60,0.268,6788,0.444,2152,0.352,0.5,0.539,95.65,7865,103.6,110.4,-6.8,2017-18,0.863064208518754
1610612748,Miami Heat,82,44,38,0.537,6997,0.455,2506,0.36,0.52,0.551,96.1,7985,106.2,105.8,0.4,2017-18,0.8762680025046963
1610612749,Milwaukee Bucks,82,44,38,0.537,6807,0.478,2024,0.355,0.531,0.571,97.03,8013,109.0,109.1,-0.2,2017-18,0.8494945713216024
1610612750,Minnesota Timberwolves,82,47,35,0.573,7063,0.476,1845,0.357,0.523,0.566,96.75,7985,112.5,110.2,2.3,2017-18,0.8845335003130871
1610612740,New Orleans Pelicans,82,48,34,0.585,7241,0.483,2312,0.362,0.541,0.573,101.48,8443,108.5,107.4,1.1,2017-18,0.8576335425796517
1610612752,New York Knicks,82,29,53,0.354,7193,0.464,1914,0.352,0.51,0.544,97.64,8059,106.3,109.7,-3.4,2017-18,0.8925424990693634
1610612760,Oklahoma City Thunder,82,48,34,0.585,7221,0.453,2491,0.354,0.514,0.546,97.34,8036,110.1,106.4,3.7,2017-18,0.8985813837730214
1610612753,Orlando Magic,82,25,57,0.305,7042,0.452,2405,0.351,0.512,0.545,98.58,8096,104.7,109.4,-4.7,2017-18,0.8698122529644269
1610612755,Philadelphia 76ers,82,52,30,0.634,7098,0.472,2445,0.369,0.535,0.568,100.75,8299,108.5,103.9,4.6,2017-18,0.8552837691288107
1610612756,Phoenix Suns,82,21,61,0.256,7141,0.442,2286,0.334,0.495,0.532,101.14,8293,102.8,111.7,-9.0,2017-18,0.8610876642951887
1610612757,Portland Trail Blazers,82,49,33,0.598,7132,0.452,2308,0.366,0.511,0.549,97.11,7992,108.4,105.7,2.7,2017-18,0.8923923923923924
1610612758,Sacramento Kings,82,27,55,0.329,7063,0.45,1967,0.375,0.502,0.529,95.5,7860,103.1,110.4,-7.3,2017-18,0.8986005089058524
1610612759,San Antonio Spurs,82,47,35,0.573,6999,0.457,1977,0.352,0.507,0.543,95.7,7867,107.1,104.1,3.0,2017-18,0.8896656921316893
1610612761,Toronto Raptors,82,59,23,0.72,7169,0.472,2705,0.358,0.539,0.575,98.02,8104,113.0,105.3,7.7,2017-18,0.8846248766041461
1610612762,Utah Jazz,82,48,34,0.585,6797,0.462,2425,0.366,0.527,0.564,96.58,7951,107.4,103.0,4.4,2017-18,0.8548610237705949
1610612764,Washington Wizards,82,43,39,0.524,7018,0.467,2173,0.375,0.525,0.56,97.67,8087,108.1,107.7,0.4,2017-18,0.8678125386422654
1610612737,Atlanta Hawks,82,29,53,0.354,7524,0.451,3034,0.352,0.522,0.555,104.56,8642,107.5,113.1,-5.5,2018-19,0.8706317981948622
1610612738,Boston Celtics,82,49,33,0.598,7423,0.465,2829,0.365,0.534,0.567,100.43,8282,111.3,107.0,4.3,2018-19,0.8962810915237865
1610612751,Brooklyn Nets,82,42,40,0.512,7358,0.449,2965,0.353,0.52,0.556,101.52,8452,108.9,109.0,-0.1,2018-19,0.8705631803123521
1610612766,Charlotte Hornets,82,39,43,0.476,7362,0.448,2783,0.351,0.514,0.554,99.18,8202,110.7,112.0,-1.3,2018-19,0.8975859546452085
1610612741,Chicago Bulls,82,22,60,0.268,7205,0.453,2123,0.351,0.505,0.541,99.3,8232,104.5,112.8,-8.3,2018-19,0.875242954324587
1610612739,Cleveland Cavaliers,82,19,63,0.232,7184,0.444,2388,0.355,0.503,0.54,97.37,8021,106.8,116.8,-10.0,2018-19,0.8956489215808503
1610612742,Dallas Mavericks,82,33,49,0.402,7122,0.447,3002,0.34,0.519,0.555,99.6,8216,108.7,110.1,-1.5,2018-19,0.8668451801363194
1610612743,Denver Nuggets,82,54,28,0.659,7384,0.466,2571,0.351,0.527,0.558,98.49,8096,112.1,108.1,4.0,2018-19,0.9120553359683794
1610612765,Detroit Pistons,82,41,41,0.5,7238,0.44,2854,0.348,0.509,0.544,97.88,8101,108.4,108.7,-0.3,2018-19,0.8934699419824713
1610612744,Golden State Warriors,82,57,25,0.695,7361,0.491,2824,0.385,0.565,0.596,101.74,8390,115.0,108.6,6.5,2018-19,0.8773539928486294
1610612745,Houston Rockets,82,53,29,0.646,7163,0.449,3721,0.356,0.542,0.581,98.39,8130,114.9,110.1,4.8,2018-19,0.8810578105781057
1610612754,Indiana Pacers,82,48,34,0.585,7135,0.475,2081,0.374,0.53,0.561,98.64,8097,109.4,106.0,3.4,2018-19,0.8811905644065703
1610612746,LA Clippers,82,48,34,0.585,7178,0.471,2118,0.388,0.529,0.575,102.66,8475,111.4,110.4,1.0,2018-19,0.8469616519174041
1610612747,Los Angeles Lakers,82,37,45,0.451,7425,0.47,2541,0.333,0.527,0.554,103.6,8534,107.4,108.9,-1.6,2018-19,0.8700492149050856
1610612763,Memphis Grizzlies,82,33,49,0.402,6924,0.45,2368,0.342,0.508,0.548,97.15,8038,105.6,108.0,-2.4,2018-19,0.8614083105250062
1610612748,Miami Heat,82,39,43,0.476,7218,0.45,2658,0.349,0.515,0.542,98.73,8122,106.7,107.1,-0.4,2018-19,0.8886973651809899
1610612749,Milwaukee Bucks,82,60,22,0.732,7471,0.476,3134,0.353,0.55,0.583,103.57,8533,113.5,104.9,8.6,2018-19,0.8755420133598969
1610612750,Minnesota Timberwolves,82,36,46,0.439,7483,0.456,2357,0.351,0.511,0.552,100.88,8341,110.6,112.2,-1.6,2018-19,0.897134636134756
1610612740,New Orleans Pelicans,82,33,49,0.402,7563,0.473,2449,0.344,0.529,0.563,103.89,8553,110.7,112.0,-1.3,2018-19,0.8842511399508944
1610612752,New York Knicks,82,17,65,0.207,7241,0.433,2421,0.34,0.49,0.529,100.16,8244,104.0,112.9,-8.9,2018-19,0.8783357593401262
1610612760,Oklahoma City Thunder,82,49,33,0.598,7706,0.454,2677,0.348,0.514,0.545,103.38,8549,109.8,106.5,3.4,2018-19,0.901391975669669
1610612753,Orlando Magic,82,42,40,0.512,7307,0.454,2633,0.356,0.518,0.55,98.65,8133,108.2,107.6,0.6,2018-19,0.8984384605926472
1610612755,Philadelphia 76ers,82,51,31,0.622,7233,0.471,2474,0.359,0.532,0.574,102.59,8467,111.6,109.0,2.6,2018-19,0.8542577063895123
1610612756,Phoenix Suns,82,19,63,0.232,7164,0.459,2400,0.329,0.514,0.552,101.15,8371,105.3,114.2,-8.9,2018-19,0.8558117309759885
1610612757,Portland Trail Blazers,82,53,29,0.646,7427,0.467,2520,0.359,0.528,0.568,99.96,8269,113.7,109.5,4.2,2018-19,0.8981739025275124
1610612758,Sacramento Kings,82,39,43,0.476,7637,0.464,2455,0.378,0.524,0.554,103.88,8545,109.6,110.8,-1.2,2018-19,0.8937390286717378
1610612759,San Antonio Spurs,82,48,34,0.585,7248,0.478,2071,0.392,0.534,0.572,98.88,8162,112.2,110.6,1.6,2018-19,0.8880176427346239
1610612761,Toronto Raptors,82,58,24,0.707,7305,0.474,2771,0.366,0.543,0.579,100.51,8334,112.6,106.8,5.8,2018-19,0.8765298776097912
1610612762,Utah Jazz,82,50,32,0.61,7082,0.468,2789,0.356,0.538,0.572,100.84,8308,110.3,105.3,5.0,2018-19,0.8524313914299471
1610612764,Washington Wizards,82,32,50,0.39,7387,0.468,2731,0.341,0.531,0.567,102.23,8486,110.2,112.9,-2.7,2018-19,0.8704925760075418
1610612737,Atlanta Hawks,67,20,47,0.299,6067,0.449,2416,0.333,0.515,0.554,103.28,6999,107.0,114.4,-7.4,2019-20,0.8668381197313902
1610612738,Boston Celtics,72,48,24,0.667,6448,0.461,2487,0.364,0.531,0.57,99.92,7255,112.8,106.5,6.3,2019-20,0.8887663680220538
1610612751,Brooklyn Nets,72,35,37,0.486,6498,0.448,2746,0.343,0.52,0.554,101.7,7404,108.7,109.2,-0.5,2019-20,0.8776337115072933
1610612766,Charlotte Hornets,65,23,42,0.354,5586,0.434,2231,0.352,0.504,0.539,96.24,6317,105.9,112.8,-7.0,2019-20,0.8842805129016938
1610612741,Chicago Bulls,65,22,43,0.338,5762,0.447,2282,0.348,0.515,0.547,100.46,6563,105.8,108.9,-3.1,2019-20,0.8779521560262076
1610612739,Cleveland Cavaliers,65,19,46,0.292,5715,0.458,2070,0.351,0.522,0.553,99.17,6497,106.9,114.8,-7.9,2019-20,0.8796367554255811
1610612742,Dallas Mavericks,75,43,32,0.573,6772,0.461,3095,0.367,0.545,0.581,99.89,7569,115.9,111.2,4.8,2019-20,0.8947020742502312
1610612743,Denver Nuggets,73,46,27,0.63,6488,0.473,2234,0.359,0.535,0.567,97.64,7217,112.6,110.4,2.2,2019-20,0.8989884993764722
1610612765,Detroit Pistons,66,20,46,0.303,5658,0.459,2157,0.367,0.529,0.561,97.86,6507,108.8,112.3,-3.5,2019-20,0.8695251267865376
1610612744,Golden State Warriors,65,15,50,0.231,5730,0.438,2032,0.334,0.497,0.54,101.04,6623,104.4,113.0,-8.6,2019-20,0.8651668428204741
1610612745,Houston Rockets,72,44,28,0.611,6512,0.451,3261,0.345,0.537,0.578,104.04,7539,112.5,109.8,2.7,2019-20,0.8637750364769864
1610612754,Indiana Pacers,73,45,28,0.616,6457,0.476,2046,0.363,0.534,0.565,99.41,7299,109.5,107.5,1.9,2019-20,0.8846417317440746
1610612746,LA Clippers,72,49,23,0.681,6425,0.466,2410,0.371,0.535,0.577,102.16,7396,113.3,106.9,6.3,2019-20,0.8687128177393185
1610612747,Los Angeles Lakers,71,52,19,0.732,6269,0.48,2242,0.349,0.542,0.573,101.2,7211,111.7,106.1,5.6,2019-20,0.8693662460130357
1610612763,Memphis Grizzlies,73,34,39,0.466,6634,0.468,2297,0.347,0.528,0.561,103.31,7562,108.7,109.7,-1.0,2019-20,0.8772811425548797
1610612748,Miami Heat,73,44,29,0.603,6160,0.468,2584,0.379,0.547,0.587,98.7,7306,111.9,109.3,2.7,2019-20,0.8431426225020531
1610612749,Milwaukee Bucks,73,56,17,0.767,6638,0.476,2840,0.355,0.552,0.583,105.51,7739,111.9,102.5,9.4,2019-20,0.8577335573071456
1610612750,Minnesota Timberwolves,64,19,45,0.297,5865,0.441,2540,0.336,0.514,0.551,103.94,6736,107.6,111.6,-4.0,2019-20,0.8706947743467933
1610612740,New Orleans Pelicans,72,30,42,0.417,6598,0.465,2656,0.37,0.539,0.568,103.89,7548,110.5,111.8,-1.3,2019-20,0.87413884472708
1610612752,New York Knicks,66,21,45,0.318,5896,0.447,1872,0.337,0.501,0.531,99.11,6594,105.9,112.4,-6.5,2019-20,0.8941461935092508
1610612760,Oklahoma City Thunder,72,44,28,0.611,6156,0.468,2171,0.355,0.53,0.573,99.42,7218,110.1,108.1,2.1,2019-20,0.8528678304239401
1610612753,Orlando Magic,73,33,40,0.452,6468,0.444,2354,0.343,0.506,0.544,98.99,7255,107.9,109.2,-1.3,2019-20,0.8915230875258442
1610612755,Philadelphia 76ers,73,43,30,0.589,6417,0.468,2307,0.368,0.534,0.566,99.59,7304,110.7,108.4,2.3,2019-20,0.8785596933187295
1610612756,Phoenix Suns,73,34,39,0.466,6429,0.468,2320,0.358,0.532,0.576,101.74,7449,111.3,110.8,0.5,2019-20,0.8630688683044704
1610612757,Portland Trail Blazers,74,35,39,0.473,6749,0.463,2525,0.377,0.533,0.57,101.17,7519,113.2,114.3,-1.1,2019-20,0.8975927649953451
1610612758,Sacramento Kings,72,31,41,0.431,6364,0.462,2511,0.364,0.534,0.566,99.6,7239,109.5,111.4,-1.9,2019-20,0.8791269512363586
1610612759,San Antonio Spurs,71,32,39,0.451,6350,0.472,2021,0.376,0.531,0.572,101.14,7249,111.7,112.6,-0.9,2019-20,0.8759828941923024
1610612761,Toronto Raptors,72,53,19,0.736,6331,0.458,2663,0.374,0.536,0.574,101.19,7328,110.8,104.7,6.1,2019-20,0.8639465065502183
1610612762,Utah Jazz,72,44,28,0.611,6130,0.471,2537,0.38,0.549,0.585,99.15,7169,111.8,109.3,2.5,2019-20,0.8550704421816153
1610612764,Washington Wizards,72,25,47,0.347,6544,0.457,2345,0.368,0.523,0.562,103.38,7475,110.2,114.7,-4.5,2019-20,0.8754515050167224
1610612737,Atlanta Hawks,72,41,31,0.569,6281,0.468,2402,0.373,0.539,0.581,98.68,7160,114.3,112.1,2.2,2020-21,0.8772346368715084
1610612738,Boston Celtics,72,36,36,0.5,6401,0.466,2618,0.374,0.543,0.574,98.94,7172,113.1,111.8,1.2,2020-21,0.8924986056887897
1610612751,Brooklyn Nets,72,48,24,0.667,6289,0.494,2600,0.392,0.575,0.61,100.27,7280,117.3,113.1,4.2,2020-21,0.8638736263736264
1610612766,Charlotte Hornets,72,33,39,0.458,6324,0.455,2666,0.369,0.532,0.564,99.0,7159,110.1,112.0,-1.9,2020-21,0.8833635982679146
1610612741,Chicago Bulls,72,31,41,0.431,6380,0.476,2446,0.37,0.547,0.575,99.58,7220,110.4,111.5,-1.1,2020-21,0.8836565096952909
1610612739,Cleveland Cavaliers,72,22,50,0.306,6175,0.45,2141,0.336,0.508,0.543,97.96,7107,105.2,113.5,-8.3,2020-21,0.8688616856620234
1610612742,Dallas Mavericks,72,42,30,0.583,6287,0.47,2744,0.362,0.55,0.582,97.94,7062,114.6,112.3,2.3,2020-21,0.8902577173605211
1610612743,Denver Nuggets,72,47,25,0.653,6422,0.485,2462,0.377,0.557,0.588,97.74,7123,116.3,111.5,4.8,2020-21,0.9015864102204127
1610612765,Detroit Pistons,72,20,52,0.278,6162,0.452,2370,0.351,0.519,0.556,98.19,7132,107.6,112.2,-4.5,2020-21,0.8639932697700505
1610612744,Golden State Warriors,72,39,33,0.542,6347,0.468,2789,0.376,0.551,0.583,102.81,7412,110.5,109.4,1.1,2020-21,0.8563140852671344
1610612745,Houston Rockets,72,17,55,0.236,6372,0.444,2923,0.339,0.521,0.553,101.69,7320,107.0,114.4,-7.4,2020-21,0.8704918032786885
1610612754,Indiana Pacers,72,34,38,0.472,6567,0.474,2445,0.364,0.542,0.575,102.05,7419,111.9,111.9,0.1,2020-21,0.8851597250303276
1610612746,LA Clippers,72,47,25,0.653,6242,0.482,2498,0.411,0.564,0.599,97.63,7036,116.7,110.6,6.1,2020-21,0.8871517907902217
1610612747,Los Angeles Lakers,72,42,30,0.583,6197,0.472,2248,0.354,0.536,0.569,98.85,7184,109.8,106.8,2.9,2020-21,0.8626113585746102
1610612763,Memphis Grizzlies,72,38,34,0.528,6608,0.467,2258,0.356,0.528,0.56,100.77,7302,111.7,110.5,1.2,2020-21,0.9049575458778417
1610612748,Miami Heat,72,40,32,0.556,6029,0.468,2606,0.358,0.546,0.581,97.09,7036,110.6,110.7,-0.1,2020-21,0.856878908470722
1610612749,Milwaukee Bucks,72,46,26,0.639,6610,0.487,2669,0.389,0.566,0.593,102.85,7423,116.5,110.7,5.8,2020-21,0.8904755489694194
1610612750,Minnesota Timberwolves,72,23,49,0.319,6546,0.448,2706,0.349,0.52,0.555,101.96,7389,109.3,114.5,-5.3,2020-21,0.8859114900527811
1610612740,New Orleans Pelicans,72,31,41,0.431,6412,0.477,2190,0.348,0.537,0.57,100.54,7303,113.0,113.3,-0.3,2020-21,0.8779953443790223
1610612752,New York Knicks,72,41,31,0.569,6225,0.456,2163,0.392,0.524,0.559,96.32,6994,110.2,107.8,2.4,2020-21,0.8900486130969403
1610612760,Oklahoma City Thunder,72,22,50,0.306,6338,0.441,2529,0.339,0.509,0.539,101.61,7353,102.8,113.4,-10.6,2020-21,0.8619611043111655
1610612753,Orlando Magic,72,21,51,0.292,6423,0.429,2288,0.343,0.49,0.527,99.17,7158,104.6,113.9,-9.3,2020-21,0.8973176865046102
1610612755,Philadelphia 76ers,72,49,23,0.681,6257,0.476,2169,0.374,0.541,0.579,100.12,7272,112.5,107.0,5.5,2020-21,0.8604235423542355
1610612756,Phoenix Suns,72,51,21,0.708,6357,0.49,2490,0.378,0.564,0.597,98.0,7137,116.3,110.4,5.9,2020-21,0.8907103825136612
1610612757,Portland Trail Blazers,72,42,30,0.583,6558,0.453,2939,0.385,0.54,0.577,98.97,7137,117.1,115.3,1.8,2020-21,0.9188734762505254
1610612758,Sacramento Kings,72,31,41,0.431,6382,0.481,2400,0.364,0.549,0.578,100.71,7266,112.7,116.5,-3.8,2020-21,0.8783374621524911
1610612759,San Antonio Spurs,72,33,39,0.458,6518,0.462,2046,0.35,0.517,0.554,99.45,7236,110.5,112.0,-1.5,2020-21,0.9007739082365948
1610612761,Toronto Raptors,72,27,45,0.375,6383,0.448,2831,0.368,0.529,0.567,99.57,7177,111.6,112.0,-0.4,2020-21,0.8893688170544796
1610612762,Utah Jazz,72,52,20,0.722,6344,0.468,3098,0.389,0.563,0.597,99.37,7193,116.5,107.5,9.0,2020-21,0.8819685805644376
1610612764,Washington Wizards,72,34,38,0.472,6547,0.475,2088,0.351,0.531,0.569,104.67,7585,110.7,112.3,-1.6,2020-21,0.8631509558338827
1610612737,Atlanta Hawks,82,43,39,0.524,7241,0.47,2821,0.374,0.543,0.581,98.67,8099,115.4,113.7,1.6,2021-22,0.8940609951845907
1610612738,Boston Celtics,82,51,31,0.622,7167,0.466,3044,0.356,0.542,0.578,97.26,8068,113.6,106.2,7.4,2021-22,0.8883242439266237
1610612751,Brooklyn Nets,82,44,38,0.537,7251,0.475,2602,0.361,0.54,0.576,99.4,8177,113.2,112.3,0.9,2021-22,0.8867555338143573
1610612766,Charlotte Hornets,82,43,39,0.524,7497,0.468,3130,0.365,0.544,0.572,100.52,8322,113.6,113.1,0.5,2021-22,0.9008651766402307
1610612741,Chicago Bulls,82,46,36,0.561,7127,0.48,2364,0.369,0.541,0.579,98.76,8124,112.7,113.2,-0.5,2021-22,0.8772772033481043
1610612739,Cleveland Cavaliers,82,44,38,0.537,6940,0.469,2686,0.355,0.538,0.571,96.83,7964,111.0,108.9,2.1,2021-22,0.8714213962832748
1610612742,Dallas Mavericks,82,52,30,0.634,6982,0.461,3063,0.35,0.538,0.572,95.64,7871,112.5,109.1,3.5,2021-22,0.8870537415830263
1610612743,Denver Nuggets,82,48,34,0.585,7079,0.483,2944,0.353,0.556,0.59,98.41,8123,113.8,111.5,2.3,2021-22,0.8714760556444663
1610612765,Detroit Pistons,82,23,59,0.28,7267,0.431,2838,0.326,0.494,0.533,98.81,8141,105.6,113.3,-7.7,2021-22,0.8926421815501782
1610612744,Golden State Warriors,82,53,29,0.646,7087,0.469,3231,0.364,0.552,0.582,98.74,8121,112.1,106.6,5.5,2021-22,0.8726757788449698
1610612745,Houston Rockets,82,20,62,0.244,7083,0.456,3170,0.349,0.534,0.565,101.16,8323,108.1,116.4,-8.3,2021-22,0.8510152589210621
1610612754,Indiana Pacers,82,25,57,0.305,7338,0.463,2899,0.344,0.531,0.564,98.55,8166,111.9,115.5,-3.6,2021-22,0.8986039676708303
1610612746,LA Clippers,82,42,40,0.512,7170,0.458,2802,0.374,0.531,0.564,98.51,8121,109.5,109.5,0.0,2021-22,0.8828961950498707
1610612747,Los Angeles Lakers,82,33,49,0.402,7279,0.469,2826,0.347,0.537,0.567,100.47,8360,110.0,112.8,-2.9,2021-22,0.8706937799043062
1610612763,Memphis Grizzlies,82,56,26,0.683,7739,0.461,2679,0.353,0.522,0.553,100.52,8295,114.3,108.9,5.3,2021-22,0.9329716696805305
1610612748,Miami Heat,82,53,29,0.646,6954,0.467,2936,0.379,0.547,0.584,96.53,7987,113.0,108.4,4.5,2021-22,0.8706648303493176
1610612749,Milwaukee Bucks,82,51,31,0.622,7331,0.468,3151,0.366,0.546,0.58,100.59,8284,114.3,111.1,3.2,2021-22,0.8849589570255915
1610612750,Minnesota Timberwolves,82,46,36,0.561,7458,0.457,3386,0.358,0.539,0.573,101.47,8357,113.8,111.0,2.7,2021-22,0.892425511547206
1610612740,New Orleans Pelicans,82,36,46,0.439,7212,0.457,2629,0.332,0.517,0.557,98.02,8060,111.2,112.0,-0.8,2021-22,0.894789081885856
1610612752,New York Knicks,82,37,45,0.451,7069,0.437,3029,0.357,0.513,0.55,96.42,7958,109.7,110.2,-0.4,2021-22,0.8882885147021865
1610612760,Oklahoma City Thunder,82,24,58,0.293,7310,0.43,3066,0.323,0.497,0.53,99.39,8198,103.8,111.7,-8.0,2021-22,0.8916808977799463
1610612753,Orlando Magic,82,22,60,0.268,7240,0.434,3022,0.331,0.503,0.538,99.71,8223,103.9,112.1,-8.1,2021-22,0.8804572540435365
1610612755,Philadelphia 76ers,82,51,31,0.622,6932,0.466,2608,0.364,0.534,0.578,96.71,7975,113.0,110.2,2.8,2021-22,0.8692163009404389
1610612756,Phoenix Suns,82,64,18,0.78,7389,0.485,2616,0.364,0.549,0.581,100.26,8242,114.2,106.8,7.5,2021-22,0.8965057024993933
1610612757,Portland Trail Blazers,82,27,55,0.329,7144,0.442,3017,0.346,0.515,0.55,98.74,8120,107.3,116.3,-9.1,2021-22,0.8798029556650246
1610612758,Sacramento Kings,82,30,52,0.366,7223,0.46,2722,0.344,0.525,0.561,100.1,8252,109.6,114.8,-5.2,2021-22,0.8753029568589433
1610612759,San Antonio Spurs,82,34,48,0.415,7601,0.467,2626,0.352,0.527,0.556,100.51,8290,111.9,111.7,0.2,2021-22,0.9168878166465622
1610612761,Toronto Raptors,82,48,34,0.585,7489,0.445,2808,0.349,0.51,0.543,96.63,8000,112.1,109.9,2.2,2021-22,0.936125
1610612762,Utah Jazz,82,49,33,0.598,7067,0.471,3308,0.36,0.555,0.589,97.5,8014,116.2,110.0,6.2,2021-22,0.8818317943598702
1610612764,Washington Wizards,82,35,47,0.427,7056,0.472,2512,0.342,0.532,0.568,97.8,8079,110.2,113.6,-3.4,2021-22,0.8733754177497215
1610612737,Atlanta Hawks,82,41,41,0.5,7574,0.483,2505,0.352,0.541,0.579,101.56,8407,115.5,115.4,0.1,2022-23,0.9009159034138218
1610612738,Boston Celtics,82,57,25,0.695,7278,0.475,3492,0.377,0.566,0.6,99.15,8247,117.3,110.6,6.7,2022-23,0.8825027282648236
1610612751,Brooklyn Nets,82,45,37,0.549,6978,0.487,2771,0.378,0.562,0.598,98.77,8111,114.6,113.5,1.1,2022-23,0.8603131549747257
1610612766,Charlotte Hornets,82,27,55,0.329,7413,0.457,2669,0.33,0.516,0.551,101.47,8390,108.4,114.7,-6.3,2022-23,0.8835518474374255
1610612741,Chicago Bulls,82,40,42,0.488,7116,0.49,2367,0.361,0.55,0.587,99.18,8225,112.8,111.5,1.3,2022-23,0.8651671732522797
1610612739,Cleveland Cavaliers,82,51,31,0.622,6984,0.488,2589,0.367,0.556,0.59,96.27,7972,115.5,109.9,5.6,2022-23,0.8760662318113397
1610612742,Dallas Mavericks,82,38,44,0.463,6909,0.475,3362,0.371,0.565,0.599,97.21,8082,115.9,116.1,-0.2,2022-23,0.8548626577579806
1610612743,Denver Nuggets,82,53,29,0.646,7088,0.504,2559,0.379,0.573,0.601,98.74,8129,116.8,113.5,3.3,2022-23,0.8719399680157461
1610612765,Detroit Pistons,82,17,65,0.207,7140,0.454,2659,0.351,0.52,0.561,99.88,8231,109.9,117.8,-7.9,2022-23,0.8674523144210909
1610612744,Golden State Warriors,82,44,38,0.537,7393,0.479,3540,0.385,0.571,0.6,102.54,8472,115.1,113.4,1.7,2022-23,0.872639282341832
1610612745,Houston Rockets,82,22,60,0.268,7287,0.457,2619,0.327,0.516,0.554,99.74,8220,110.5,118.6,-8.1,2022-23,0.8864963503649635
1610612754,Indiana Pacers,82,35,47,0.427,7345,0.469,3030,0.367,0.545,0.581,101.68,8377,113.8,117.1,-3.3,2022-23,0.876805538975767
1610612746,LA Clippers,82,44,38,0.537,7060,0.477,2734,0.381,0.551,0.588,98.84,8168,114.0,113.6,0.5,2022-23,0.8643486777668952
1610612747,Los Angeles Lakers,82,43,39,0.524,7298,0.482,2558,0.346,0.542,0.582,101.92,8436,113.9,113.2,0.7,2022-23,0.8651019440493125
1610612763,Memphis Grizzlies,82,51,31,0.622,7551,0.475,2807,0.351,0.54,0.57,101.5,8360,114.7,110.7,4.0,2022-23,0.9032296650717704
1610612748,Miami Heat,82,44,38,0.537,6991,0.46,2852,0.344,0.53,0.574,96.76,7991,112.3,112.8,-0.5,2022-23,0.874859216618696
1610612749,Milwaukee Bucks,82,58,24,0.707,7411,0.473,3306,0.368,0.555,0.583,101.45,8389,114.3,110.9,3.4,2022-23,0.8834187626653952
1610612750,Minnesota Timberwolves,82,42,40,0.512,7167,0.49,2731,0.365,0.56,0.592,101.55,8383,113.3,113.1,0.2,2022-23,0.8549445305976381
1610612740,New Orleans Pelicans,82,42,40,0.512,7180,0.48,2468,0.364,0.543,0.582,99.58,8239,113.8,112.0,1.9,2022-23,0.8714649836145163
1610612752,New York Knicks,82,47,35,0.573,7328,0.47,2930,0.354,0.541,0.577,97.75,8134,117.0,114.2,2.8,2022-23,0.9009097614949594
1610612760,Oklahoma City Thunder,82,40,42,0.488,7590,0.465,2797,0.356,0.531,0.57,101.94,8435,114.2,113.2,1.0,2022-23,0.8998221695317131
1610612753,Orlando Magic,82,34,48,0.415,7074,0.47,2551,0.346,0.532,0.573,99.66,8205,111.3,113.7,-2.3,2022-23,0.8621572212065813
1610612755,Philadelphia 76ers,82,54,28,0.659,6870,0.487,2675,0.387,0.563,0.608,97.44,8072,117.0,112.7,4.4,2022-23,0.8510901883052527
1610612756,Phoenix Suns,82,45,37,0.549,7388,0.467,2674,0.374,0.535,0.57,98.83,8141,114.5,112.3,2.2,2022-23,0.9075052204888834
1610612757,Portland Trail Blazers,82,33,49,0.402,7001,0.474,2893,0.365,0.549,0.589,99.25,8157,114.0,118.0,-4.0,2022-23,0.8582812308446733
1610612758,Sacramento Kings,82,48,34,0.585,7232,0.494,3060,0.369,0.572,0.608,100.99,8343,118.6,116.0,2.6,2022-23,0.8668344720124656
1610612759,San Antonio Spurs,82,22,60,0.268,7593,0.465,2640,0.345,0.525,0.554,102.07,8451,109.7,119.6,-9.9,2022-23,0.8984735534256301
1610612761,Toronto Raptors,82,41,41,0.5,7489,0.459,2626,0.335,0.517,0.555,97.85,8076,114.6,113.1,1.5,2022-23,0.9273155027241209
1610612762,Utah Jazz,82,37,45,0.451,7365,0.473,3099,0.353,0.547,0.584,101.02,8329,115.3,116.0,-0.7,2022-23,0.884259815103854
1610612764,Washington Wizards,82,35,47,0.427,7127,0.485,2601,0.356,0.55,0.585,99.16,8161,113.7,114.9,-1.2,2022-23,0.8732998407057958
1610612737,Atlanta Hawks,82,36,46,0.439,7584,0.465,3092,0.364,0.539,0.576,100.84,8339,116.4,118.4,-2.0,2023-24,0.9094615661350282
1610612738,Boston Celtics,82,64,18,0.78,7396,0.487,3482,0.388,0.578,0.609,97.98,8090,122.2,110.6,11.7,2023-24,0.9142150803461063
1610612751,Brooklyn Nets,82,32,50,0.39,7307,0.456,3010,0.362,0.531,0.561,97.56,8050,112.4,115.4,-2.9,2023-24,0.9077018633540372
1610612766,Charlotte Hornets,82,21,61,0.256,7133,0.46,2788,0.355,0.529,0.56,97.81,8047,108.6,119.2,-10.6,2023-24,0.8864172983720642
1610612741,Chicago Bulls,82,39,43,0.476,7339,0.47,2630,0.358,0.534,0.568,96.94,8078,114.0,115.7,-1.7,2023-24,0.9085169596434761
1610612739,Cleveland Cavaliers,82,48,34,0.585,7147,0.479,3016,0.367,0.557,0.586,97.62,8053,114.7,112.1,2.5,2023-24,0.8874953433503042
1610612742,Dallas Mavericks,82,50,32,0.61,7352,0.481,3242,0.369,0.562,0.592,100.6,8263,117.0,114.9,2.1,2023-24,0.8897494856589616
1610612743,Denver Nuggets,82,57,25,0.695,7279,0.496,2560,0.374,0.562,0.589,97.43,7996,117.8,112.3,5.5,2023-24,0.9103301650825413
1610612765,Detroit Pistons,82,14,68,0.171,7236,0.463,2602,0.348,0.526,0.562,100.45,8269,109.0,118.0,-9.0,2023-24,0.875075583504656
1610612744,Golden State Warriors,82,46,36,0.561,7515,0.477,3191,0.38,0.557,0.586,99.91,8261,116.9,114.5,2.4,2023-24,0.909696162692168
1610612745,Houston Rockets,82,41,41,0.5,7459,0.459,2964,0.352,0.529,0.565,99.59,8248,113.7,112.8,0.9,2023-24,0.9043404461687682
1610612754,Indiana Pacers,82,47,35,0.573,7599,0.507,2891,0.374,0.578,0.606,102.16,8389,120.5,117.6,2.9,2023-24,0.9058290618667303
1610612746,LA Clippers,82,51,31,0.622,7108,0.489,2719,0.381,0.561,0.599,97.93,8040,117.9,114.6,3.4,2023-24,0.8840796019900498
1610612747,Los Angeles Lakers,82,47,35,0.573,7177,0.499,2572,0.377,0.566,0.601,101.38,8387,115.4,114.8,0.6,2023-24,0.8557291045665911
1610612763,Memphis Grizzlies,82,27,55,0.329,7229,0.435,3097,0.346,0.509,0.543,98.68,8128,106.8,113.7,-6.9,2023-24,0.88939468503937
1610612748,Miami Heat,82,46,36,0.561,7022,0.465,2765,0.37,0.538,0.578,96.88,7975,113.3,111.5,1.8,2023-24,0.8805015673981191
1610612749,Milwaukee Bucks,82,49,33,0.598,7258,0.487,3122,0.373,0.568,0.601,100.51,8295,117.6,115.0,2.6,2023-24,0.8749849306811333
1610612750,Minnesota Timberwolves,82,56,26,0.683,6974,0.485,2681,0.387,0.559,0.594,97.79,8081,114.6,108.4,6.3,2023-24,0.8630120034649177
1610612740,New Orleans Pelicans,82,49,33,0.598,7165,0.486,2673,0.383,0.558,0.591,98.7,8101,116.5,111.9,4.6,2023-24,0.8844587088013826
1610612752,New York Knicks,82,50,32,0.61,7272,0.465,2936,0.369,0.54,0.574,95.96,7883,117.3,112.4,4.9,2023-24,0.9224914372700749
1610612760,Oklahoma City Thunder,82,57,25,0.695,7324,0.499,2805,0.389,0.573,0.608,100.85,8324,118.3,111.0,7.3,2023-24,0.8798654493032196
1610612753,Orlando Magic,82,47,35,0.573,6964,0.476,2568,0.352,0.541,0.577,97.37,8022,112.9,110.8,2.2,2023-24,0.8681126901022189
1610612755,Philadelphia 76ers,82,47,35,0.573,7331,0.464,2733,0.363,0.532,0.574,98.17,8090,116.2,113.0,3.1,2023-24,0.9061804697156984
1610612756,Phoenix Suns,82,49,33,0.598,7063,0.493,2671,0.382,0.565,0.603,99.0,8158,116.8,113.7,3.1,2023-24,0.8657759254719294
1610612757,Portland Trail Blazers,82,21,61,0.256,7356,0.439,2723,0.345,0.503,0.539,97.88,8103,107.6,116.6,-9.0,2023-24,0.9078119215105517
1610612758,Sacramento Kings,82,46,36,0.561,7455,0.477,3219,0.366,0.556,0.582,99.46,8226,116.2,114.4,1.8,2023-24,0.9062727935813275
1610612759,San Antonio Spurs,82,22,60,0.268,7436,0.462,2983,0.347,0.532,0.563,101.8,8413,109.3,115.6,-6.4,2023-24,0.8838702008795911
1610612761,Toronto Raptors,82,25,57,0.305,7356,0.471,2712,0.347,0.535,0.566,99.91,8241,111.8,118.1,-6.3,2023-24,0.892610120131052
1610612762,Utah Jazz,82,31,51,0.378,7371,0.467,2993,0.354,0.539,0.579,100.26,8281,114.5,119.6,-5.1,2023-24,0.8901098901098901
1610612764,Washington Wizards,82,15,67,0.183,7493,0.47,2915,0.348,0.538,0.567,103.07,8461,110.2,118.9,-8.7,2023-24,0.8855927195366978
1610612737,Atlanta Hawks,82,40,42,0.488,7528,0.472,3089,0.358,0.546,0.579,103.41,8521,113.7,114.8,-1.1,2024-25,0.8834643821147753
1610612738,Boston Celtics,82,61,21,0.744,7382,0.462,3955,0.368,0.561,0.591,96.59,7979,119.5,110.1,9.4,2024-25,0.925178593808748
1610612751,Brooklyn Nets,82,26,56,0.317,7060,0.437,3232,0.344,0.516,0.552,96.73,7970,108.1,115.4,-7.3,2024-25,0.8858218318695107
1610612766,Charlotte Hornets,82,19,63,0.232,7308,0.43,3143,0.339,0.503,0.537,98.22,8079,106.7,115.7,-9.1,2024-25,0.9045673969550687
1610612741,Chicago Bulls,82,39,43,0.476,7545,0.47,3447,0.367,0.553,0.585,103.61,8532,113.2,114.8,-1.6,2024-25,0.8843178621659634
1610612739,Cleveland Cavaliers,82,64,18,0.78,7444,0.491,3401,0.383,0.578,0.607,100.31,8267,121.0,111.8,9.2,2024-25,0.9004475625982823
1610612742,Dallas Mavericks,82,39,43,0.476,7194,0.479,2801,0.364,0.549,0.583,100.15,8238,113.7,115.0,-1.3,2024-25,0.8732702112163147
1610612743,Denver Nuggets,82,50,32,0.61,7360,0.506,2619,0.376,0.573,0.604,100.67,8328,118.9,115.1,3.8,2024-25,0.8837656099903939
1610612765,Detroit Pistons,82,44,38,0.537,7363,0.476,2901,0.362,0.547,0.58,100.27,8268,114.6,112.5,2.1,2024-25,0.8905418480890179
1610612744,Golden State Warriors,82,48,34,0.585,7412,0.451,3475,0.364,0.536,0.568,99.37,8173,114.2,111.0,3.2,2024-25,0.9068885354215098
1610612745,Houston Rockets,82,52,30,0.634,7659,0.455,2938,0.353,0.523,0.553,99.03,8159,114.9,110.3,4.6,2024-25,0.9387179801446256
1610612754,Indiana Pacers,82,50,32,0.61,7326,0.488,2934,0.368,0.562,0.594,100.76,8341,115.4,113.3,2.1,2024-25,0.8783119530032371
1610612746,LA Clippers,82,50,32,0.61,7075,0.482,2738,0.373,0.554,0.589,98.24,8099,114.3,109.4,4.9,2024-25,0.8735646376095815
1610612747,Los Angeles Lakers,82,50,32,0.61,7007,0.479,2981,0.366,0.557,0.593,98.34,8084,115.0,113.8,1.2,2024-25,0.8667738743196437
1610612763,Memphis Grizzlies,82,48,34,0.585,7654,0.479,3106,0.367,0.554,0.588,103.69,8513,117.2,112.6,4.7,2024-25,0.8990955009984729
1610612748,Miami Heat,82,37,45,0.451,7138,0.465,3060,0.367,0.544,0.576,97.08,8066,112.4,112.0,0.4,2024-25,0.8849491693528391
1610612749,Milwaukee Bucks,82,48,34,0.585,7082,0.486,3003,0.387,0.568,0.598,99.92,8228,115.1,112.7,2.4,2024-25,0.8607194944093339
1610612750,Minnesota Timberwolves,82,49,33,0.598,7182,0.468,3269,0.377,0.554,0.588,97.95,8097,115.7,110.8,5.0,2024-25,0.8869951834012597
1610612740,New Orleans Pelicans,82,21,61,0.256,7368,0.452,2839,0.347,0.519,0.552,99.77,8212,109.7,119.1,-9.4,2024-25,0.8972235752557234
1610612752,New York Knicks,82,51,31,0.622,7315,0.486,2794,0.369,0.556,0.589,97.64,8093,117.3,113.3,4.0,2024-25,0.9038675398492524
1610612760,Oklahoma City Thunder,82,68,14,0.829,7600,0.482,3184,0.374,0.56,0.593,100.9,8286,119.2,106.6,12.7,2024-25,0.9172097513878832
1610612753,Orlando Magic,82,41,41,0.5,7034,0.445,2892,0.318,0.51,0.55,96.51,7935,108.9,109.1,-0.2,2024-25,0.8864524259609325
1610612755,Philadelphia 76ers,82,24,58,0.293,7168,0.454,3050,0.341,0.527,0.563,98.13,8098,111.0,117.3,-6.3,2024-25,0.8851568288466288
1610612756,Phoenix Suns,82,36,46,0.439,7075,0.478,3112,0.378,0.561,0.595,98.31,8121,114.7,117.7,-3.0,2024-25,0.8711981283093215
1610612757,Portland Trail Blazers,82,36,46,0.439,7396,0.45,3095,0.342,0.521,0.555,99.51,8192,111.0,113.7,-2.7,2024-25,0.90283203125
1610612758,Sacramento Kings,82,40,42,0.488,7385,0.478,2887,0.357,0.548,0.582,98.91,8189,115.9,115.3,0.6,2024-25,0.9018195139821712
1610612759,San Antonio Spurs,82,34,48,0.415,7362,0.465,3246,0.357,0.544,0.575,100.08,8231,113.5,116.3,-2.8,2024-25,0.8944235208358644
1610612761,Toronto Raptors,82,30,52,0.366,7462,0.458,2786,0.348,0.522,0.553,100.62,8297,109.6,113.6,-4.1,2024-25,0.8993612148969508
1610612762,Utah Jazz,82,17,65,0.207,7272,0.454,3267,0.35,0.533,0.568,100.85,8322,110.2,119.4,-9.2,2024-25,0.8738284066330209
1610612764,Washington Wizards,82,18,64,0.22,7371,0.439,3210,0.335,0.512,0.546,101.82,8371,105.8,118.0,-12.2,2024-25,0.8805399593835862
